{"cameraMode":{"drawMode":0,"name":"Shaded","section":"Shading Mode"},"sceneLighting":false,"audioPlay":false,"sceneViewState":{"showFog":true,"showMaterialUpdate":true,"showSkybox":false,"showFlares":true,"showImageEffects":true,"showParticleSystems":true},"in2DMode":false,"pivot":{"x":0.0,"y":0.5000000596046448,"z":245.59085083007813},"rotation":{"x":-0.017265239730477334,"y":0.9756494760513306,"z":-0.20215529203414918,"w":-0.08332589268684387},"size":0.7448477149009705,"orthographic":false}