{"cameraMode":{"drawMode":0,"name":"Shaded","section":"Shading Mode"},"sceneLighting":false,"audioPlay":false,"sceneViewState":{"showFog":true,"showMaterialUpdate":false,"showSkybox":false,"showFlares":true,"showImageEffects":true,"showParticleSystems":true},"in2DMode":false,"pivot":{"x":-1.0585460662841797,"y":-14.40423583984375,"z":-9.797935485839844},"rotation":{"x":-0.32957786321640017,"y":0.028026262298226358,"z":-0.009795631282031536,"w":-0.9436940550804138},"size":41.442867279052737,"orthographic":false}