{"cameraMode":{"drawMode":0,"name":"Shaded","section":"Shading Mode"},"sceneLighting":false,"audioPlay":false,"sceneViewState":{"showFog":true,"showMaterialUpdate":true,"showSkybox":false,"showFlares":true,"showImageEffects":true,"showParticleSystems":true},"in2DMode":false,"pivot":{"x":0.012986242771148682,"y":0.49999892711639407,"z":177.19827270507813},"rotation":{"x":0.4686199128627777,"y":-0.08981781452894211,"z":0.04796607792377472,"w":0.8775148391723633},"size":0.32526716589927676,"orthographic":false}