{"cameraMode":{"drawMode":0,"name":"Shaded","section":"Shading Mode"},"sceneLighting":false,"audioPlay":false,"sceneViewState":{"showFog":true,"showMaterialUpdate":false,"showSkybox":false,"showFlares":true,"showImageEffects":true,"showParticleSystems":true},"in2DMode":false,"pivot":{"x":-0.6814343929290772,"y":1.6344497203826905,"z":-0.9181873798370361},"rotation":{"x":-0.022027553990483285,"y":0.9603374004364014,"z":-0.07940828055143357,"w":-0.2664036750793457},"size":2.1465022563934328,"orthographic":false}