{"cameraMode":{"drawMode":0,"name":"Shaded","section":"Shading Mode"},"sceneLighting":false,"audioPlay":false,"sceneViewState":{"showFog":true,"showMaterialUpdate":true,"showSkybox":false,"showFlares":true,"showImageEffects":true,"showParticleSystems":true},"in2DMode":false,"pivot":{"x":1.949767827987671,"y":0.8934037685394287,"z":-1.172879695892334},"rotation":{"x":0.010462521575391293,"y":0.9850685000419617,"z":-0.15947408974170686,"w":0.0645088329911232},"size":2.09710693359375,"orthographic":false}