{"cameraMode":{"drawMode":0,"name":"Shaded","section":"Shading Mode"},"sceneLighting":false,"audioPlay":false,"sceneViewState":{"showFog":true,"showMaterialUpdate":true,"showSkybox":false,"showFlares":true,"showImageEffects":true,"showParticleSystems":true},"in2DMode":false,"pivot":{"x":-1.007282018661499,"y":0.4227566719055176,"z":-0.22149419784545899},"rotation":{"x":-0.11970995366573334,"y":0.1553957760334015,"z":-0.018979184329509736,"w":-0.9804194569587708},"size":2.814300060272217,"orthographic":false}