{"cameraMode":{"drawMode":0,"name":"Shaded","section":"Shading Mode"},"sceneLighting":false,"audioPlay":false,"sceneViewState":{"showFog":true,"showMaterialUpdate":true,"showSkybox":false,"showFlares":true,"showImageEffects":true,"showParticleSystems":true},"in2DMode":false,"pivot":{"x":-0.0031423568725585939,"y":0.07055816054344177,"z":0.000001430511474609375},"rotation":{"x":-0.1174391433596611,"y":0.8036653995513916,"z":-0.16903607547283173,"w":-0.5583526492118836},"size":11.251410484313965,"orthographic":false}